{"loss": [0.7742599248886108, 0.2354530245065689, 0.16164040565490723, 0.12166136503219604, 0.09740591049194336, 0.0794205516576767, 0.06609463691711426, 0.055691082030534744, 0.047734335064888, 0.04198158532381058], "accuracy": [0.7900988459587097, 0.9245038628578186, 0.9470232725143433, 0.9597979784011841, 0.9677501916885376, 0.973525881767273, 0.9777508974075317, 0.9818194508552551, 0.983739972114563, 0.9862152338027954], "val_loss": [0.2040642648935318, 0.1437167227268219, 0.12367965281009674, 0.11108478158712387, 0.09671864658594131, 0.08733225613832474, 0.08628950268030167, 0.08756677806377411, 0.07816013693809509, 0.07622621208429337], "val_accuracy": [0.9404734969139099, 0.9557819366455078, 0.9608467817306519, 0.9647734761238098, 0.967277467250824, 0.9714887142181396, 0.9712041616439819, 0.9709765315055847, 0.9737081527709961, 0.9751877784729004]}